sku,name,brand,size,category,in_stock,image_url
CPG-0001,Griss Pasta (brand unclear),,184 g,Grocery,Yes,
CPG-0002,Kirkland Garlic Hummus,,184 g,Grocery,Yes,
CPG-0003,T&T Tuna Chunks,,220 ml,Grocery,Yes,
CPG-0004,Patak’s Tikka Paste,,280 ml,Grocery,Yes,
CPG-0005,Unico Pasta Sauce (Garlic),,680 ml,Grocery,Yes,
CPG-0006,Catelli Meat Pasta Sauce,,398 ml,Grocery,Yes,
CPG-0007,Kraft BBQ Sauce (Original),,455 ml,Grocery,Yes,
CPG-0008,Kraft BBQ Sauce (Chicken),,455 ml,Grocery,No,
CPG-0009,Kraft BBQ Sauce (Smokey),,455 ml,Grocery,Yes,
CPG-0010,Dwight Honey Mustard,,250 g,Grocery,Yes,
CPG-0011,Mario’s Tomato Jam,,340 g,Grocery,Yes,
CPG-0012,Campbell’s Beef (No Salt),,900 ml,Grocery,Yes,
CPG-0013,Campbell’s Beef,,900 ml,Grocery,Yes,
CPG-0014,Campbell’s Vegetable,,900 ml,Grocery,Yes,
CPG-0015,Spam (Original),,340 g,Grocery,Yes,
CPG-0016,Spam (Garlic),,340 g,Grocery,Yes,
CPG-0017,Haldiram Tandoori Naan,,240 g,Grocery,Yes,
CPG-0018,Bikano Rasmalai,,1 kg,Grocery,Yes,
CPG-0019,Sardine Chilli,,155 g,Grocery,Yes,
CPG-0020,Stubb’s Vinegar Dressing,,260 g,Grocery,Yes,
CPG-0021,Shan Mango Pickle,,1 kg,Grocery,Yes,
CPG-0022,Sardine Tomato Sauce,,155 g,Grocery,Yes,
CPG-0023,A+ Sardines,,155 g,Grocery,Yes,
CPG-0024,Munchies Peanuts Honey Roasted,,55 g,Snacks,Yes,
CPG-0025,Blue Diamond Almonds Smoke,,23 g,Snacks,Yes,
CPG-0026,Leclerc Celebration Milk Chocolate,,240 g,Snacks,Yes,
CPG-0027,Leclerc Celebration Dark Chocolate,,240 g,Snacks,Yes,
CPG-0028,Leclerc Celebration Raspberry,,240 g,Snacks,Yes,
CPG-0029,Leclerc Celebration Caramel,,240 g,Snacks,Yes,
CPG-0030,Biscoff Shortbread Fingers,,170 g,Snacks,Yes,
CPG-0031,Ritz OG,,180 g,Snacks,Yes,
CPG-0032,Ritz Low Sodium,,180 g,Snacks,Yes,
CPG-0033,Ritz Cheddar,,180 g,Snacks,Yes,
CPG-0034,Chips Ahoy Chunks,,251 g,Snacks,Yes,
CPG-0035,Chips Ahoy Chewy Limited,,281 g,Snacks,Yes,
CPG-0036,Chips Ahoy Rainbow,,258 g,Snacks,Yes,
CPG-0037,Chips Ahoy Chewy Tenders,,271 g,Snacks,Yes,
CPG-0038,Chips Ahoy OG,,258 g,Snacks,Yes,
CPG-0039,Mini Chips Ahoy Rainbow,,144 g,Snacks,Yes,
CPG-0040,Lady Sarah Cream Wafers Chocolate,,200 g,Snacks,Yes,
CPG-0041,Lady Sarah Cream Wafers Strawberry,,200 g,Snacks,Yes,
CPG-0042,Lady Sarah Cream Wafers Vanilla,,200 g,Snacks,Yes,
CPG-0043,Leta Cheddar Cheese Crackers,,144 g,Snacks,Yes,
CPG-0044,Triscuit Thin Crisps Jalapeño,,200 g,Snacks,No,
CPG-0045,Paris G OG,,300 g,Snacks,Yes,
CPG-0046,Vector Suitz Rusk Semolina Toast,,350 g,Snacks,Yes,
CPG-0047,Daal – Kardinal (Assorted),,155 g,Grocery,Yes,
CPG-0048,Daal – Assorted,,250 g,Grocery,Yes,
CPG-0049,Banana Chips (Sweetened),,280 g,Grocery,Yes,
CPG-0050,Khari Puff Pastry,,400 g,Grocery,Yes,
CPG-0051,Khari Puff Pastry,,600 g,Grocery,Yes,
CPG-0052,Bhakharwadi,,600 g,Grocery,Yes,
CPG-0053,Bhakarwadi (Spicy),,600 g,Grocery,Yes,
CPG-0054,Khari Puff Pastry,,400 g,Grocery,Yes,
CPG-0055,Fini Jelly Beans (Assorted),,500 ml,Grocery,Yes,
CPG-0056,Fini Jelly Beans (Assorted),,500 ml,Grocery,Yes,
CPG-0057,Fini Jelly Beans (Assorted),,750 ml,Grocery,Yes,
CPG-0058,Fini Jelly Beans (Assorted),,750 ml,Grocery,Yes,
CPG-0059,Banana Chips (Salted),,250 g,Grocery,Yes,
CPG-0060,Bhujia Sev (Plain),,250 g,Grocery,Yes,
CPG-0061,Bhujia Sev (Plain),,250 g,Grocery,Yes,
CPG-0062,Banana Chips (Spicy),,250 g,Grocery,Yes,
CPG-0063,Banana Chips (Salted),,250 g,Grocery,Yes,
CPG-0064,Banana Chips (Sweetened),,250 g,Grocery,Yes,
CPG-0065,Fini Strawberry Tubes,,600 ml,Grocery,Yes,
CPG-0066,Fini Sour Tubes,,650 ml,Grocery,Yes,
CPG-0067,Fini Sour Bites,,700 ml,Grocery,Yes,
CPG-0068,Oreo Original,,270 g,Snacks,Yes,
CPG-0069,Oreo Mini,,150 g,Snacks,Yes,
CPG-0070,Breaktime Oatmeal,,250 g,Snacks,Yes,
CPG-0071,Breaktime Chocolate Chip,,250 g,Snacks,Yes,
CPG-0072,Breaktime Coconut,,250 g,Snacks,Yes,
CPG-0073,Florish Mug Cake Berry,,75 g,Snacks,Yes,
CPG-0074,Florish Mug Cake Maple,,75 g,Snacks,Yes,
CPG-0075,Corn Flakes OG,,340 g,Cereal,Yes,
CPG-0076,Froot Loops OG,,230 g,Cereal,Yes,
CPG-0077,Froot Loops Marshmallow,,311 g,Cereal,Yes,
CPG-0078,Froot Loops Strawberry,,355 g,Cereal,Yes,
CPG-0079,Honey Nut Cheerios,,272 g,Cereal,Yes,
CPG-0080,OG Oatmeal Squares,,270 g,Cereal,Yes,
CPG-0081,Weetabix,,400 g,Cereal,Yes,
CPG-0082,Honey Bunches of Oats,,340 g,Cereal,No,
CPG-0083,Cap’n Crunch Cinnamon,,285 g,Cereal,No,
CPG-0084,Quaker Harvest Crunch,,475 g,Cereal,Yes,
CPG-0085,Famous Amos Choco Chip Cookies,,56 g,Snacks,Yes,
CPG-0086,Mr. Noodles Spicy Chicken,,85 g,Grocery,Yes,
CPG-0087,Mr. Noodles Vegetables,,85 g,Grocery,Yes,
CPG-0088,Mr. Noodles Beef,,85 g,Grocery,No,
CPG-0089,Mr. Noodles Chicken,,85 g,Grocery,No,
CPG-0090,Mr. Noodles Cup Vegetable,,64 g,Grocery,Yes,
CPG-0091,Mr. Noodles Cup Beef,,64 g,Grocery,Yes,
CPG-0092,Mr. Noodles Cup Spicy Chicken,,64 g,Grocery,Yes,
CPG-0093,Budak Carbonara Cup,,105 g,Grocery,Yes,
CPG-0094,KD Mac & Cheese,,200 g,Grocery,Yes,
CPG-0095,KFI Tandoori Sauce,,455 ml,Grocery,Yes,
CPG-0096,KFI Masala Sauce,,455 ml,Grocery,Yes,
CPG-0097,KFI Korma Sauce,,455 ml,Grocery,Yes,
CPG-0098,Green Chilli Pickle (Jain),,275 ml,Grocery,Yes,
CPG-0099,Patak’s Lime Pickle,,350 ml,Grocery,Yes,
CPG-0100,Green Chilli Pickle (Relish),,,Grocery,Yes,
CPG-0101,Piri Piri Red Powder,,500 ml,Grocery,Yes,
CPG-0102,Ginger Garlic Paste,,,Grocery,No,
CPG-0103,KFI Green Chutney Sauce,,234 ml,Grocery,Yes,
CPG-0104,Heinz Sweet Relish,,450 ml,Grocery,Yes,
CPG-0105,BBQ Mango Sauce,,,Grocery,Yes,
CPG-0106,Subhani Sweet Onion Sauce,,473 ml,Grocery,Yes,
CPG-0107,Subhani Chocolate Sauce,,473 ml,Grocery,Yes,
CPG-0108,Subhani Roasted Garlic Sauce,,473 ml,Grocery,Yes,
CPG-0109,Heinz Tomato Ketchup,,375 ml,Grocery,Yes,
CPG-0110,French’s Tomato Ketchup,,1 L,Grocery,No,
CPG-0111,Kraft French Dressing,,425 ml,Grocery,Yes,
CPG-0112,Kraft (unspecified dressing),,425 ml,Grocery,No,
CPG-0113,Kraft Creamy Ranch,,425 ml,Grocery,Yes,
CPG-0114,Sir Kensington’s Mayonnaise,,300 ml,Grocery,Yes,
CPG-0115,Minced Ginger,,210 g,Grocery,Yes,
CPG-0116,French’s Tomato Mustard,,325 ml,Grocery,Yes,
CPG-0117,French’s Yellow Mustard,,325 ml,Grocery,Yes,
CPG-0118,Old Dutch Popcorn Twists Toffee,,175 g,Crisps,Yes,
CPG-0119,Old Dutch Popcorn Twists,,55 g,Crisps,Yes,
CPG-0120,Old Dutch Restaurant – Red & White,,275 g,Crisps,Yes,
CPG-0121,Old Dutch Restaurant – Deli Rounds,,280 g,Crisps,Yes,
CPG-0122,Old Dutch Arriba Nacho Cheese,,245 g,Crisps,Yes,
CPG-0123,Old Dutch Arriba Zesty Taco,,245 g,Crisps,Yes,
CPG-0124,Old Dutch Arriba Nacho Cheese,,84 g,Crisps,Yes,
CPG-0125,Old Dutch Arriba Zesty Taco,,84 g,Crisps,Yes,
CPG-0126,Dutch Crunch Kettle Cook All Dressed,,200 g,Crisps,Yes,
CPG-0127,Dutch Crunch Kettle Cook Salt & Vinegar,,200 g,Crisps,Yes,
CPG-0128,Dutch Crunch Kettle Cook Spicy Ketchup,,200 g,Crisps,No,
CPG-0129,Dutch Crunch Kettle Cook Cream & Dill,,200 g,Crisps,Yes,
CPG-0130,Dutch Crunch Kettle Cook Jalapeño,,200 g,Crisps,Yes,
CPG-0131,Dutch Crunch Kettle Cook BBQ,,200 g,Crisps,Yes,
CPG-0132,Dutch Crunch Kettle Cook OG,,200 g,Crisps,Yes,
CPG-0133,Dutch Crunch Kettle Cook All Dressed,,60 g,Crisps,Yes,
CPG-0134,Dutch Crunch Kettle Cook Jalapeño,,66 g,Crisps,Yes,
CPG-0135,Old Dutch Humpty Dumpty Party OG,,250 g,Crisps,Yes,
CPG-0136,Hawkins Cheezies,,210 g,Crisps,Yes,
CPG-0137,Hawkins Cheezies,,70 g,Crisps,Yes,
CPG-0138,Tostitos Rounds,,295 g,Crisps,Yes,
CPG-0139,Old Dutch Salsa Mild,,430 ml,Chip Dips,Yes,
CPG-0140,Old Dutch Salsa Con Queso,,400 ml,Chip Dips,Yes,
CPG-0141,Shan Chicken Masala Paste,,150 g,Grocery,Yes,
CPG-0142,Heinz Wasabi,,310 ml,Grocery,Yes,
CPG-0143,Shan Pulao Masala,,300 g,Grocery,Yes,
CPG-0144,Shan Meat Masala,,400 g,Grocery,Yes,
CPG-0145,Shan Garam Masala,,100 g,Grocery,Yes,
CPG-0146,Shan Biryani Kanda,,100 g,Grocery,Yes,
CPG-0147,Shan Lemon Mustard Kanda,,100 g,Grocery,Yes,
CPG-0148,PTI Cumin Powder,,400 g,Grocery,Yes,
CPG-0149,PTI Cumin Powder,,400 g,Grocery,Yes,
CPG-0150,PTI Cumin Seeds,,400 g,Grocery,Yes,
CPG-0151,PTI Cinnamon Sticks,,200 g,Grocery,Yes,
CPG-0152,Taza Cumin Whole,,100 g,Grocery,Yes,
CPG-0153,Taza Turmeric Powder,,100 g,Grocery,Yes,
CPG-0154,Taza Sesame Whole,,100 g,Grocery,Yes,
CPG-0155,Taza Methi Powder,,100 g,Grocery,Yes,
CPG-0156,Club House Pepper,,24 g,Grocery,Yes,
CPG-0157,Great Value Turmeric,,90 g,Grocery,Yes,
CPG-0158,Tandoori Masala (Hand),,500 g,Grocery,Yes,
CPG-0159,House of Spices Kashmiri Masala,,100 g,Grocery,Yes,
CPG-0160,Handi Butter Chicken,,60 g,Grocery,Yes,
CPG-0161,Handi Bombay Biryani,,65 g,Grocery,Yes,
CPG-0162,Paprika,,62 g,Grocery,Yes,
CPG-0163,Seasoning Salt,,120 g,Grocery,Yes,
CPG-0164,Old Dutch Medium Salsa,,430 ml,Chip Dips,Yes,
CPG-0165,Jack Link’s Hickory Smoked,,80 g,Snacks,Yes,
CPG-0166,Jack Link’s Jalapeño,,80 g,Snacks,Yes,
CPG-0167,Jack Link’s Peppered,,80 g,Snacks,Yes,
CPG-0168,Jack Link’s Sweet & Hot,,80 g,Snacks,Yes,
CPG-0169,Jack Link’s Bacon Jerky,,65 g,Snacks,Yes,
CPG-0170,Jack Link’s OG,,80 g,Snacks,No,
CPG-0171,Jack Link’s Teriyaki,,80 g,Snacks,Yes,
CPG-0172,Jack Link’s OG,,35 g,Snacks,Yes,
CPG-0173,Jack Link’s Teriyaki,,35 g,Snacks,Yes,
CPG-0174,Spitz Sunflower Dill Pickle,,210 g,Snacks,Yes,
CPG-0175,Spitz Sunflower Dill Salted,,210 g,Snacks,Yes,
CPG-0176,Spitz Sunflower Pepper,,210 g,Snacks,Yes,
CPG-0177,Old Dutch Sunflower Roasted & Salted,,227 g,Snacks,Yes,
CPG-0178,Old Dutch Sunflower Roasted Dill Pickle,,227 g,Snacks,Yes,
CPG-0179,Old Dutch Sunflower Seasoned,,227 g,Snacks,Yes,
CPG-0180,Old Dutch Peanuts BBQ,,65 g,Snacks,Yes,
CPG-0181,Old Dutch Peanuts Roasted & Salted,,65 g,Snacks,Yes,
CPG-0182,Corn Nuts OG,,48 g,Snacks,Yes,
CPG-0183,Corn Nuts Ranch,,48 g,Snacks,Yes,
CPG-0184,Corn Nuts BBQ,,48 g,Snacks,Yes,
CPG-0185,Munchies Peanuts BBQ,,55 g,Snacks,Yes,
CPG-0186,Basil Leaves,,22 g,Grocery,No,
CPG-0187,Shan Bombay Biryani,,60 g,Grocery,No,
CPG-0188,Great Value Ground Cinnamon,,125 g,Grocery,Yes,
CPG-0189,Everest Garam Masala,,100 g,Grocery,Yes,
CPG-0190,Knorr Parmesan,,125 g,Grocery,Yes,
CPG-0191,Headlight Chili Powder,,35 g,Grocery,Yes,
CPG-0192,Headlight Salt,,184 g,Grocery,No,
CPG-0193,Komati White Vinegar,,45 g,Grocery,Yes,
CPG-0194,Komati White Cooking Wine,,45 g,Grocery,Yes,
CPG-0195,Piranha Lime Juice,,175 ml,Grocery,No,
CPG-0196,Real Lemon Juice,,175 ml,Grocery,Yes,
CPG-0197,Suraj Lentils,,540 ml,Grocery,Yes,
CPG-0198,Diamond Harvest Chick Peas,,398 ml,Grocery,Yes,
CPG-0199,Heinz Beans OG Sauce,,398 ml,Grocery,Yes,
CPG-0200,Great Value Black Beans,,540 ml,Grocery,Yes,
CPG-0201,Unico Four Bean Medley,,540 ml,Grocery,Yes,
CPG-0202,Diamond Harvest Chick Peas,,540 ml,Grocery,No,
CPG-0203,Unico Red Kidney Beans,,540 ml,Grocery,Yes,
CPG-0204,Great Value Dark Kidney Beans,,540 ml,Grocery,Yes,
CPG-0205,Great Value Six Bean Medley,,540 ml,Grocery,Yes,
CPG-0206,Sannine Coconut Cream,,284 ml,Grocery,Yes,
CPG-0207,Hatsuya Green Beans,,398 ml,Grocery,Yes,
CPG-0208,Goya Black Turtle Beans,,400 g,Grocery,Yes,
CPG-0209,Doritos Nacho Cheese,,72 g,Crisps,Yes,
CPG-0210,Doritos Sweet Chili Heat,,72 g,Crisps,Yes,
CPG-0211,Doritos Zesty Cheese,,72 g,Crisps,Yes,
CPG-0212,Doritos Cool Ranch,,72 g,Crisps,Yes,
CPG-0213,Doritos Flamin’ Hot,,65 g,Crisps,Yes,
CPG-0214,Ruffles Sour Cream & Onion,,200 g,Crisps,Yes,
CPG-0215,Ruffles All Dressed,,200 g,Crisps,Yes,
CPG-0216,Ruffles Sour Cream & Bacon,,200 g,Crisps,Yes,
CPG-0217,Ruffles Sour Cream & Onion,,66 g,Crisps,Yes,
CPG-0218,Ruffles All Dressed,,66 g,Crisps,Yes,
CPG-0219,Ms. Vickie’s Sweet Chili & Sour Cream,,200 g,Crisps,Yes,
CPG-0220,Ms. Vickie’s Sea Salt & Malt Vinegar,,200 g,Crisps,Yes,
CPG-0221,Ms. Vickie’s OG,,200 g,Crisps,Yes,
CPG-0222,Ms. Vickie’s Spicy Dill Pickle,,200 g,Crisps,Yes,
CPG-0223,Ms. Vickie’s Sweet Chili & Sour Cream,,59 g,Crisps,Yes,
CPG-0224,Ms. Vickie’s Sea Salt & Malt Vinegar,,59 g,Crisps,Yes,
CPG-0225,Ms. Vickie’s OG,,59 g,Crisps,Yes,
CPG-0226,PC Kettle Cooked Sea Salt & Pepper,,200 g,Crisps,No,
CPG-0227,PC Kettle Cooked Spicy Dill Pickle,,200 g,Crisps,No,
CPG-0228,Smartfoods Popcorn Movie Nacho Butter,,416 g,Crisps,Yes,
CPG-0229,Smartfoods Popcorn White Cheddar,,200 g,Crisps,Yes,
CPG-0230,Smartfoods Popcorn Jalapeño Cheddar,,418 g,Crisps,No,
CPG-0231,Smartfoods Popcorn Sour Cream & Onion,,175 g,Crisps,Yes,
CPG-0232,Sabra Roasted Red Pepper Hummus,,380 g,Grocery,Yes,
CPG-0233,Sabra Classic Hummus Dip,,400 g,Grocery,Yes,
CPG-0234,Mario’s Hummus,,350 g,Grocery,Yes,
CPG-0235,Sabra Red Chili Hummus,,400 g,Grocery,Yes,
CPG-0236,Umani Basil Pesto,,142 g,Grocery,Yes,
CPG-0237,OK Premium Coconut Milk,,400 ml,Grocery,Yes,
CPG-0238,Kanan Coconut Milk,,400 ml,Grocery,Yes,
CPG-0239,Pure Thai Coconut Milk,,400 ml,Grocery,Yes,
CPG-0240,Campbell’s Tomato Soup,,284 ml,Grocery,Yes,
CPG-0241,Campbell’s Vegetable Soup,,284 ml,Grocery,No,
CPG-0242,Earth Brand Almond Milk,,300 ml,Grocery,Yes,
CPG-0243,Canadian Farms Almond Milk,,354 ml,Grocery,Yes,
CPG-0244,Al Safa Creamy Chicken,,284 ml,Grocery,Yes,
CPG-0245,Al Safa Creamy Butter Chicken,,284 ml,Grocery,Yes,
CPG-0246,Patak’s Tandoori Paste,,150 ml,Grocery,No,
CPG-0247,Primo Tomato Paste,,5 ml,Grocery,Yes,
CPG-0248,VH Soya Sauce,,380 ml,Grocery,Yes,
CPG-0249,T&T Dark Soy Sauce,,500 ml,Grocery,Yes,
CPG-0250,Al Dayaa Pomegranate Molasses,,250 ml,Grocery,Yes,
CPG-0251,Lee Kum Kee Black Bean Sauce,,500 ml,Grocery,Yes,
CPG-0252,Koon Chun Hoisin Sauce,,550 ml,Grocery,Yes,
CPG-0253,Soy Sauce,,500 ml,Grocery,Yes,
CPG-0254,Frank’s RedHot Xtra Hot,,355 ml,Grocery,Yes,
CPG-0255,Smartfoods White Cheddar,,50 g,Crisps,Yes,
CPG-0256,Lay’s Classic,,235 g,Crisps,Yes,
CPG-0257,Lay’s Dill Pickle,,220 g,Crisps,Yes,
CPG-0258,Lay’s Sour Cream & Onion,,220 g,Crisps,No,
CPG-0259,Lay’s BBQ,,220 g,Crisps,Yes,
CPG-0260,Lay’s Ketchup,,220 g,Crisps,Yes,
CPG-0261,Lay’s Salt & Vinegar,,220 g,Crisps,Yes,
CPG-0262,Lay’s Turkey Dinner,,220 g,Crisps,Yes,
CPG-0263,Lay’s Classic,,66 g,Crisps,Yes,
CPG-0264,Lay’s Ketchup,,66 g,Crisps,Yes,
CPG-0265,Lay’s Salt & Vinegar,,66 g,Crisps,Yes,
CPG-0266,Pringles Sour Cream & Onion,,156 g,Crisps,No,
CPG-0267,Pringles All Dressed,,156 g,Crisps,Yes,
CPG-0268,Pringles BBQ,,156 g,Crisps,Yes,
CPG-0269,Pringles OG,,156 g,Crisps,Yes,
CPG-0270,Pringles Salt & Vinegar,,156 g,Crisps,Yes,
CPG-0271,Pringles Cheddar Cheese,,156 g,Crisps,No,
CPG-0272,Pringles OG,,37 g,Crisps,Yes,
CPG-0273,Pringles Sour Cream & Onion,,39 g,Crisps,Yes,
CPG-0274,Crispers Ranch,,145 g,Crisps,Yes,
CPG-0275,Crispers Smokey Bacon,,145 g,Crisps,Yes,
CPG-0276,Crispers Salt & Vinegar,,145 g,Crisps,Yes,
CPG-0277,Crispers Jalapeño,,145 g,Crisps,Yes,
CPG-0278,Oral-B Soft Toothbrush,,,,Yes,
CPG-0279,Closeup Slimcare Toothbrush,,,Misc,Yes,
CPG-0280,Puff-off Travel Toothbrush,,,Drugs,Yes,
CPG-0281,Plackers Dental Flossers,,,Misc,No,
CPG-0282,Nail Clippers (S & Small),,,Heat,Yes,
CPG-0283,Elvis’ Pet Nail Scissors,,,,Yes,
CPG-0284,Lumident Grape Candies,,,Misc,Yes,
CPG-0285,Omni Vanda Reusable Fuser,,,Misc,Yes,
CPG-0286,Professional Oral Care Kit,,,Drugs,Yes,
CPG-0287,Anlette Blue II (S),,,Houseware,No,
CPG-0288,BIC Twin Select 10pk,,,Grocery,Yes,
CPG-0289,Fair Hair Care,,,,No,
CPG-0290,Snap Clip 4pc,,,Misc,Yes,
CPG-0291,Baby Bottle Brush Essential,,,Toys,Yes,
CPG-0292,Goody Detangling Comb,,,Toys,Yes,
CPG-0293,Sophie Bobby Pins,,,Misc,Yes,
CPG-0294,Elbow Support,,,Drugs,Yes,
CPG-0295,Lumbar Jersey Bracket,,,Drugs,Yes,
CPG-0296,Blister Medicated Lip Balm,,,Drugs,No,
CPG-0297,Quies Ears,,,Misc,Yes,
CPG-0298,Quick Mucus Clean,,,Drugs,No,
CPG-0299,Magnam EQ Original 30k,,,Drugs,Yes,
CPG-0300,Quick Sani Pain,,,Drugs,Yes,
CPG-0301,Zen Gaz,,,Torches,Yes,
CPG-0302,Maven Pocket Torch,,,Torches,Yes,
CPG-0303,Maven Diamond Torch,,,Torches,Yes,
CPG-0304,Maven Triple Jet,,,Torches,Yes,
CPG-0305,Maven Alpha,,,Torches,Yes,
CPG-0306,Maven Perumium,,,Torches,Yes,
CPG-0307,Spider Metal,,,Torches,Yes,
CPG-0308,Click It 4 Flame,,,Torches,Yes,
CPG-0309,Click It Dual Gun,,,Torches,Yes,
CPG-0310,Click It Torch Gun,,,Torches,Yes,
CPG-0311,Click It Torch GT-07,,,Torches,Yes,
CPG-0312,Scorch Fancy Lighter,,,Torches,Yes,
CPG-0313,Scorch Bendable Torch,,,Torches,Yes,
CPG-0314,Scorch Cigar Lighter Set,,,Torches,Yes,
CPG-0315,Soul Lighter Refill,,18 ml,Butane,Yes,
CPG-0316,Soul Premium,,142 ml,Butane,Yes,
CPG-0317,Whip-It,,300 ml,Butane,Yes,
CPG-0318,London,,300 ml,Butane,Yes,
CPG-0319,Premium Butane,,420 ml,Butane,Yes,
CPG-0320,2-in-1 Lighter Stash Can,,,Misc,Yes,
CPG-0321,Bong Gift Set,,,Misc,Yes,
CPG-0322,Bong Gift Set w/ Box,,,Misc,Yes,
CPG-0323,Sour Patch OG,,150 g,Candy,No,
CPG-0324,Sour Patch Heads 2 in 1,,154 g,Candy,No,
CPG-0325,Sour Patch Strawberry,,154 g,Candy,No,
CPG-0326,Sour Patch Extreme,,150 g,Candy,No,
CPG-0327,Sour Patch Berries,,150 g,Candy,No,
CPG-0328,Sour Patch Grape,,154 g,Candy,No,
CPG-0329,Sour Patch Watermelon,,154 g,Candy,No,
CPG-0330,Sour Patch Sour Cherry Blasters,,154 g,Candy,No,
CPG-0331,Sour Patch Glow Ups,,135 g,Candy,No,
CPG-0332,Sour Patch Blue Raspberry,,150 g,Candy,No,
CPG-0333,Sour Patch Red & Green,,315 g,Candy,No,
CPG-0334,Sour Patch Lemonade,,315 g,Candy,No,
CPG-0335,Sour Patch OG,,315 g,Candy,No,
CPG-0336,Sour Patch Fun Mix,,315 g,Candy,No,
CPG-0337,Twizzlers Pull ’N’ Peel Cherry,,396 g,Candy,No,
CPG-0338,Twizzlers Twists Torsades Rainbow,,350 g,Candy,No,
CPG-0339,Twizzlers Twists Torsades Strawberry,,454 g,Candy,No,
CPG-0340,Twizzlers Filled Pink Lemonade,,318 g,Candy,No,
CPG-0341,Twizzlers Filled Orange Cream,,318 g,Candy,No,
CPG-0342,Jolly Rancher Gummies Sours,,182 g,Candy,No,
CPG-0343,Jolly Rancher Gummies Sours Tropical,,182 g,Candy,No,
CPG-0344,Jolly Rancher Gummies Sours Berry,,182 g,Candy,No,
CPG-0345,Jolly Rancher Fruity Sours,,182 g,Candy,Yes,
CPG-0346,Jolly Rancher Original,,182 g,Candy,Yes,
CPG-0347,Sunrype,,900 ml,Drinks,No,
CPG-0348,Oasis,,300 ml,Drinks,No,
CPG-0349,Tasco Coconut Juice,,500 ml,Drinks,No,
CPG-0350,T.A.S Coconut Juice,,310 ml,Drinks,No,
CPG-0351,Mr. Brown,,240 ml,Drinks,No,
CPG-0352,Pure Leaf,,547 ml,Drinks,No,
CPG-0353,Arizona Ice Tea,,680 ml,Drinks,No,
CPG-0354,Pepsi (Bottle),,591 ml,Drinks,No,
CPG-0355,Crush (Bottle),,591 ml,Drinks,No,
CPG-0356,Pepsi (Can),,355 ml,Drinks,No,
CPG-0357,Crush (Can),,355 ml,Drinks,No,
CPG-0358,Mug (Can),,355 ml,Drinks,No,
CPG-0359,7UP (Can),,355 ml,Drinks,No,
CPG-0360,BioSteel,,500 ml,Drinks,No,
CPG-0361,Simple Aloe Vera,,500 ml,Drinks,No,
CPG-0362,Minute Maid,,355 ml,Drinks,No,
CPG-0363,Fuze,,500 ml,Drinks,No,
CPG-0364,Powerade,,710 ml,Drinks,No,
CPG-0365,Peace Tea,,695 ml,Drinks,No,
CPG-0366,Coke Cola,,500 ml,Drinks,No,
CPG-0367,Canada Dry,,500 ml,Drinks,No,
CPG-0368,Fanta,,500 ml,Drinks,No,
CPG-0369,Sprite + Fresca,,500 ml,Drinks,No,
CPG-0370,Coke Cola,,355 ml,Drinks,No,
CPG-0371,Chocolate (Almonds),,45 g,Candy,Yes,
CPG-0372,Chocolate (Peanuts),,45 g,Candy,Yes,
CPG-0373,London (Milk),,85 g,Candy,Yes,
CPG-0374,London (Hazelnut),,85 g,Candy,Yes,
CPG-0375,Crunch (Milk),,44 g,Candy,Yes,
CPG-0376,Big Turk,,50 g,Candy,Yes,
CPG-0377,Smarties Rockets,,—,Candy,Yes,
CPG-0378,Smarties,,45 g,Candy,Yes,
CPG-0379,Rominz / Rominz?,,—,Candy,Yes,
CPG-0380,Aero Bar,,93 g,Candy,Yes,
CPG-0381,KitKat,,45 g,Candy,Yes,
CPG-0382,Caramilk,,—,Candy,Yes,
CPG-0383,3 Musketeers,,54 g,Candy,Yes,
CPG-0384,Crunch (Mini?),,48 g,Candy,Yes,
CPG-0385,KitKat 2 Finger,,72 g,Candy,Yes,
CPG-0386,KitKat Chunky,,44 g,Candy,Yes,
CPG-0387,Mentos Gum (Spearmint),,50 pcs,Candy,Yes,
CPG-0388,Mentos (Cinnamon),,5 pcs,Candy,Yes,
CPG-0389,Juicy Fruit,,60 pcs,Candy,Yes,
CPG-0390,Dentyne Fire,,60 pcs,Candy,No,
CPG-0391,Ludent Vibes,,40 pcs,Candy,No,
CPG-0392,Mint rocket pop,,—,Candy,Yes,
CPG-0393,mint roclet candy,,—,Candy,Yes,
CPG-0394,Fanta,,355 ml,Drinks,No,
CPG-0395,Sprite,,355 ml,Drinks,No,
CPG-0396,Canada Dry,,355 ml,Drinks,No,
CPG-0397,A & W,,355 ml,Drinks,No,
CPG-0398,Cove Probiotic,,355 ml,Drinks,No,
CPG-0399,Cove Kombucha,,355 ml,Drinks,No,
CPG-0400,Bubly,,355 ml,Drinks,No,
CPG-0401,Molson Exel,,355 ml,Drinks,No,
CPG-0402,White Claw,,355 ml,Drinks,No,
CPG-0403,Monster,,473 ml,Drinks,No,
CPG-0404,Reign Storm,,355 ml,Drinks,No,
CPG-0405,Celsius,,355 ml,Drinks,No,
CPG-0406,NOS,,710 ml,Drinks,No,
CPG-0407,Core Power,,414 ml,Drinks,No,
CPG-0408,Evian,,1 L,Drinks,No,
CPG-0409,Pure Life,,1.5 L,Drinks,No,
CPG-0410,Pure Life,,710 ml,Drinks,No,
CPG-0411,Pure Life,,500 ml,Drinks,No,
CPG-0412,Smart Water,,1 L,Drinks,No,
CPG-0413,Smart Water,,591 ml,Drinks,No,
CPG-0414,Dasani,,591 ml,Drinks,No,
CPG-0415,Sparkling Ice,,503 ml,Drinks,No,
CPG-0416,Gatorade,,591 ml,Drinks,No,
CPG-0417,Gatorade,,710 ml,Drinks,No,
CPG-0418,Gatorade,,828 ml,Drinks,No,
CPG-0419,Excel (White),,60 Pcs,Candy,No,
CPG-0420,Excel (Platinum),,60 Pcs,Candy,No,
CPG-0421,Excel (Spearmint),,60 Pcs,Candy,No,
CPG-0422,Excel (Peppermint),,60 Pcs,Candy,No,
CPG-0423,Excel (Spearmint Ice),,60 Pcs,Candy,No,
CPG-0424,Excel (Blueberry),,60 Pcs,Candy,No,
CPG-0425,5-Gum (Watermelon),,15 Pcs,Candy,No,
CPG-0426,5-Gum (Wintermint),,15 Pcs,Candy,No,
CPG-0427,5-Gum (Peppermint),,15 Pcs,Candy,No,
CPG-0428,5-Gum (Strawberry),,15 Pcs,Candy,No,
CPG-0429,5-Gum (Spearmint),,5 Pcs,Candy,No,
CPG-0430,Trident (Tropical),,14 Pcs,Candy,No,
CPG-0431,Trident (Bubblegum),,14 Pcs,Candy,No,
CPG-0432,Trident (Spearmint),,14 Pcs,Candy,No,
CPG-0433,Trident (Wintermint),,14 Pcs,Candy,No,
CPG-0434,Trident (Peppermint),,14 Pcs,Candy,No,
CPG-0435,Doublemint Gum (Original),,15 Pcs,Candy,No,
CPG-0436,Dentine Ice (Arctic Bubble),,12 Pcs,Candy,No,
CPG-0437,Dentine Ice (Spearmint),,12 Pcs,Candy,No,
CPG-0438,Dentine Ice Fire,,12 Pcs,Candy,No,
CPG-0439,Dentine Ice Avalanche,,12 Pcs,Candy,No,
CPG-0440,Bonibons,,52 g,Candy,No,
CPG-0441,Toblerone,,35 g,Candy,No,
CPG-0442,Trojan Naked Sensations,,,Misc,Yes,
CPG-0443,Trojan Ultra Thin,,,Drugs,No,
CPG-0444,Bikini Line Shaver (2 pk),,,Misc,Yes,
CPG-0445,Gravol Ginger 8 Gel Capsules,,,Drugs,No,
CPG-0446,Vapor Inhaler,,,Drugs,Yes,
CPG-0447,Advil 10 Tablets,,,Drugs,Yes,
CPG-0448,Trojan Classic,,,Drugs,No,
CPG-0449,Tylenol Extra Strength DS,,,Drugs,Yes,
CPG-0450,Advil Liqui-Gels 12 Cap,,,Drugs,No,
CPG-0451,Diarrhea Relief 6 Cap,,2 mg,Drugs,Yes,
CPG-0452,"Bandage 2"" Elastic Wrap Roll",,,Drugs,No,
CPG-0453,Gauze Bandage Soft,,,First Aid,No,
CPG-0454,Neon Waterproof Bandage Box,,,First Aid,Yes,
CPG-0455,KN95 Mask,,,First Aid,Yes,
CPG-0456,Tylenol Infants,,15 ml,Drugs,Yes,
CPG-0457,Derm Blue Ice Gel,,22 g,Drugs,Yes,
CPG-0458,Pregnancy Test,,1 test,Drugs,Yes,
CPG-0459,70% Alcohol Spray,,100 ml,Drugs,No,
CPG-0460,70% Rubbing Alcohol,,225 ml,Drugs,Yes,
CPG-0461,99% Rubbing Alcohol,,225 ml,Drugs,Yes,
CPG-0462,Zarbee’s Children Syrup,,118 ml,Drugs,Yes,
CPG-0463,Drisdan Nasal Spray,,15 ml,Drugs,Yes,
CPG-0464,Visine Allergy Eyes,,15 ml,Drugs,No,
CPG-0465,Earth’s Own,,946 ml,Dairy,Yes,
CPG-0466,Almond Breeze,,946 ml,Dairy,Yes,
CPG-0467,Delight Creamer,,946 ml,Dairy,Yes,
CPG-0468,Spandek,,247 ml,Dairy,Yes,
CPG-0469,Beatrice Choco Milk,,1.18 L,Dairy,Yes,
CPG-0470,Beatrice Choco Milk,,1.18 L,Dairy,Yes,
CPG-0471,Dairyland Eggnog,,1 L,Dairy,Yes,
CPG-0472,Beatrice Milk 4%,,4 L,Dairy,Yes,
CPG-0473,Beatrice Milk 3%,,4 L,Dairy,Yes,
CPG-0474,Beatrice Milk 2%,,2 L,Dairy,Yes,
CPG-0475,Beatrice Milk 3%,,2 L,Dairy,Yes,
CPG-0476,Beatrice Milk 2%,,1 L,Dairy,Yes,
CPG-0477,Beatrice Milk 3%,,1 L,Dairy,Yes,
CPG-0478,Lactose-Free 2%,,2 L,Dairy,Yes,
CPG-0479,Beatrice 1%,,1 L,Dairy,Yes,
CPG-0480,Beatrice 0%,,1 L,Dairy,Yes,
CPG-0481,Lactantia 1% / 2%,,473 ml,Dairy,Yes,
CPG-0482,Del Monte Juices,,1.89 L,Juice,Yes,
CPG-0483,Ocean Spray,,1.89 L,Juice,Yes,
CPG-0484,Fresh & Pure,,1.89 L,Juice,Yes,
CPG-0485,Okanagan Smoothie,,1.6 L,Juice,Yes,
CPG-0486,Sunny D,,1 L,Juice,Yes,
CPG-0487,Canada’s Favourite,,1.89 L,Juice,Yes,
CPG-0488,Starbucks Double Shot,,444 ml,Drinks,No,
CPG-0489,Starbucks Frapp + Caramel,,405 ml,Drinks,No,
CPG-0490,Boost,,237 ml,Drinks,No,
CPG-0491,Premier Protein,,325 ml,Drinks,No,
CPG-0492,Body Armour,,473 ml,Drinks,No,
CPG-0493,Vitamin Water,,591 ml,Drinks,No,
CPG-0494,Candy (Can),,330 ml,Drinks,No,
CPG-0495,Stewarts,,355 ml,Drinks,No,
CPG-0496,Tonis,,355 ml,Drinks,No,
CPG-0497,Kashmira Masala,,300 ml,Drinks,No,
CPG-0498,Jarritos,,370 ml,Drinks,No,
CPG-0499,Coca Cola (Glass),,355 ml,Drinks,No,
CPG-0500,A&W,,341 ml,Drinks,No,
CPG-0501,Corona,,330 ml,Drinks,No,
CPG-0502,Coca Cola,,2 L,Drinks,No,
CPG-0503,Pepsi,,2 L,Drinks,No,
CPG-0504,OKF Aloe Vera,,1.5 L,Drinks,No,
CPG-0505,Sourz Freezer,,1 L,Drinks,No,
CPG-0506,Maaza / Maaza Preeze,,1 L,Drinks,No,
CPG-0507,Red Bull,,250 ml,Drinks,No,
CPG-0508,Red Bull,,355 ml,Drinks,No,
CPG-0509,Red Bull,,473 ml,Drinks,No,
CPG-0510,Dr Pepper,,355 ml,Drinks,No,
CPG-0511,Mini Tonic,,200 ml,Drinks,No,
CPG-0512,Ristorante,,355 g,Frozen Foods,Yes,
CPG-0513,Dr. Oetker,,(illegible),Frozen Foods,No,
CPG-0514,Guiseppe Rising Crust,,720 g,Frozen Foods,Yes,
CPG-0515,Guiseppe Rip n’ Share 4 Cheese,,480 g,Frozen Foods,Yes,
CPG-0516,Butter Chicken,,350 g,Frozen Foods,Yes,
CPG-0517,Casa Di Mama Hawaiian,,400 g,Frozen Foods,Yes,
CPG-0518,Great Value Butter Chicken,,356 g,Frozen Foods,Yes,
CPG-0519,Suprema,,520 g,Frozen Foods,Yes,
CPG-0520,Red Baron Classic Crust,,622 g,Frozen Foods,Yes,
CPG-0521,Patra,,400 g,Frozen Foods,Yes,
CPG-0522,Malwa,,340 g,Frozen Foods,Yes,
CPG-0523,Methi Vada,,283 g,Frozen Foods,Yes,
CPG-0524,Kimchi Style Pork,,500 g,Frozen Foods,Yes,
CPG-0525,El Monterey Signature,,142 g,Frozen Foods,Yes,
CPG-0526,Chicken Tikka,,350 g,Frozen Foods,Yes,
CPG-0527,Dal Express Chicken Drumsticks,,675 g,Frozen Foods,Yes,
CPG-0528,Jane’s Chicken Nuggets,,700 g,Frozen Foods,Yes,
CPG-0529,Pad Thai with Veg,,380 g,Frozen Foods,Yes,
CPG-0530,Patty King International,,1.7 kg,Frozen Foods,Yes,
CPG-0531,Jamaican Beef Patties,,—,Frozen Foods,Yes,
CPG-0532,Pizza Pockets Pepperoni,,2.85 kg,Frozen Foods,Yes,
CPG-0533,Meat for Beef Samosa,,300 g,Frozen Foods,Yes,
CPG-0534,Bo-Lo Wings Golden,,280 g,Frozen Foods,Yes,
CPG-0535,Masala Bowl,,—,Frozen Foods,Yes,
CPG-0536,McCain Hash Browns,,1.3 kg,Frozen Foods,Yes,
CPG-0537,Tasty Bite Veg Tikka Masala,,—,Frozen Foods,Yes,
CPG-0538,Verka Desi Home Style Tikki,,520 g,Frozen Foods,Yes,
CPG-0539,Valley Selectors Stir Fry Mix,,500 g,Frozen Foods,Yes,
CPG-0540,Gobi Paratha,,500 g,Frozen Foods,Yes,
CPG-0541,PC Cranberries,,600 g,Frozen Foods,Yes,
CPG-0542,Great Value Cranberries,,600 g,Frozen Foods,Yes,
CPG-0543,Green Giant Mixed Veg,,750 g,Frozen Foods,Yes,
CPG-0544,Green Giant Green Peas,,750 g,Frozen Foods,Yes,
CPG-0545,No Name Pineapple Chunks,,750 g,Frozen Foods,Yes,
CPG-0546,Valley String Beans,,312 g,Frozen Foods,Yes,
CPG-0547,Shredded Okra,,300 g,Frozen Foods,Yes,
CPG-0548,Surati Karela,,340 g,Frozen Foods,Yes,
CPG-0549,Surati Karela,,300 g,Frozen Foods,Yes,
CPG-0550,Lysol Disinfecting Wipes,,80 wipes,Misc,Yes,
CPG-0551,Wetkins Wipes,,40 ct,,Yes,
CPG-0552,Medion Makeup Wipes,,4 pk,,Yes,
CPG-0553,Huggies Natural Care,,56 wipes,,Yes,
CPG-0554,Huggies Pure,,56 wipes,,Yes,
CPG-0555,Pampers Wipes,,84 wipes,,Yes,
CPG-0556,Face Purest,,60 wipes,,Yes,
CPG-0557,Coleman Insect Repellent,,100 ml,,Yes,
CPG-0558,DermaGuard Insect Repellent,,100 g,,Yes,
CPG-0559,Coleman Insect Repellent (Dry),,113 g,,Yes,
CPG-0560,Mosquito Wrist Band,,—,,Yes,
CPG-0561,After Bite Gel (Insect),,20 g,,Yes,
CPG-0562,Luv Fresh Room Spray,,240 g,,Yes,
CPG-0563,Veya Maison Room Spray,,283 g,,Yes,
CPG-0564,Febreze Room Spray,,250 g,,Yes,
CPG-0565,Lifebuoy Liquid Soap,,290 ml,,Yes,
CPG-0566,Deep Fresh Liquid Soap,,—,,Yes,
CPG-0567,Sweet Almond Bath Combo Soaps,,3 pcs,,Yes,
CPG-0568,Lux Bright Images,,80 g,,Yes,
CPG-0569,Lux Soft Touch,,80 g,,Yes,
CPG-0570,Lux Magical Spell,,80 g,,Yes,
CPG-0571,Lux Velvet Touch,,80 g,,No,
CPG-0572,Pears Transparent Soap,,100 g,,No,
CPG-0573,HEAD Crew Socks,,3 pairs,Misc,Yes,
CPG-0574,Thank You Notes,,2,,Yes,
CPG-0575,Party Favor / Happy BD,,4,,Yes,
CPG-0576,Party Fun Packets,,—,,Yes,
CPG-0577,Invitation Cards,,8,,Yes,
CPG-0578,Greeting Cards – Small,,—,,No,
CPG-0579,Reebok Jones Socks,,3 pairs,,Yes,
CPG-0580,Party Bubbles / Happy BD,,6,,Yes,
CPG-0581,LRG Greeting Cards,,1,,Yes,
CPG-0582,Portfolio Boxes,,1,,Yes,
CPG-0583,Baking Cups Foil,,50 pcs,,Yes,
CPG-0584,Baking Cups,,75 pcs,,Yes,
CPG-0585,Eid Decor Banner,,3 pcs,,Yes,
CPG-0586,Mini Envelopes with Happy BD,,2 pcs,,Yes,
CPG-0587,Crystal Stone Gift,,1 pc,,Yes,
CPG-0588,Canada Flag Tattoos,,1 pc,,No,
CPG-0589,Make A Memory – Custom Art,,1 pc,,Yes,
CPG-0590,Empty Envelopes,,1,,Yes,
CPG-0591,Wine Gift Bag,,1,,Yes,
CPG-0592,Plastic Cocktail Forks,,30 pcs,,Yes,
CPG-0593,Peel and Stick,,2 packs,,Yes,
CPG-0594,Green Gift Wrap – Stripes,,4,Misc,Yes,
CPG-0595,Pink Gift Wrap – Stripe Paper,,4,,Yes,
CPG-0596,Brown Gift Wrap – Sheet Paper,,3,,Yes,
CPG-0597,Pink Gift Wrap – Sheet Paper,,10,,Yes,
CPG-0598,Decorative Tissue – Wrap,,20,,Yes,
CPG-0599,Spiral Gift Box,,13 × 24 × 5,,Yes,
CPG-0600,5 Sheet Gift Wrap – White Paper,,5,,Yes,
CPG-0601,White Gift Box,,1,,Yes,
CPG-0602,Candle Test Boxes,,8 × 3,,Yes,
CPG-0603,Transparent,,1.36 kg,Walking Cooler,Yes,
CPG-0604,Fromage,,2 L,,Yes,
CPG-0605,Fresh Pure D. Crème,,1 L,,Yes,
CPG-0606,Sunny D,,500 ml,,Yes,
CPG-0607,Eggs,,18s,,Yes,
CPG-0608,Armstrong Cheese Shreds,,320 g,,Yes,
CPG-0609,Armstrong Cheese  Bar,,400 g,,Yes,
CPG-0610,GV Pizza Mozzarella,,320 g,,Yes,
CPG-0611,FETA – Two Valleys,,150 g,,Yes,
CPG-0612,Lactantia Butter,,454 g,,Yes,
CPG-0613,Earth’s Own Unsweetened,,473 g,,Yes,
CPG-0614,Armstrong Pizza Mozz.,,610 g,,Yes,
CPG-0615,Hummus – Original,,850 g,,Yes,
CPG-0616,Hummus - Spicy,,—,,Yes,
CPG-0617,Black Diamond P. Prm. Blk,,400 g,,Yes,
CPG-0618,Kirkland Provolone Slice,,22 pk,,Yes,
CPG-0619,Compliments Mozz. Slice,,20 pk,,Yes,
CPG-0620,Black Diamond Thick Dice,,14 pk,,Yes,
CPG-0621,Black Diamond Thick Dice,,22 pk,,Yes,
CPG-0622,Lunch Mate,,90 g,,Yes,
CPG-0623,Kirkland Cream,,—,,Yes,
CPG-0624,Philadelphia Dip,,227 g,,Yes,
CPG-0625,Philadelphia Dip Fruits,,227 g,,Yes,
CPG-0626,Party Ice,,,,Yes,
CPG-0627,Cup Noodles,,cups,Walk-in Cooler,Yes,
CPG-0628,Sour Cream 2%,,—,,Yes,
CPG-0629,Yogurt (brand unclear),,500 g,,Yes,
CPG-0630,Sour Cream Fat Free,,small,,No,
CPG-0631,〃 (Old),,425 ml,,Yes,
CPG-0632,Mini Fruits Drink,,—,,Yes,
CPG-0633,〃 V8,,156 ml,,Yes,
CPG-0634,½ & ½ Creamer,,—,,Yes,
CPG-0635,Glow Mouth Patch,,—,Vitamins,Yes,
CPG-0636,Burner,,—,,No,
CPG-0637,Contact Bronzing (tube?),,—,,No,
CPG-0638,Contact Bronzing  (Big),,—,,No,
CPG-0639,Slim Vita Liquid,,—,,Yes,
CPG-0640,Buttermint Worms,,—,,No,
CPG-0641,Tooth Plastic Covers,,—,,No,
CPG-0642,Silicone Baking Insulator,,—,,No,
CPG-0643,Bottle Insulated Infusion Bottle,,—,,No,
CPG-0644,2-Piece Silicone Tools,,—,,No,
CPG-0645,Browning Powder,,—,,Yes,
CPG-0646,Browning Iron Holder,,—,,Yes,
CPG-0647,2-Piece Silicone,,—,,No,
CPG-0648,Hinged Containers,,—,,Yes,
CPG-0649,Hagen-Dazs Bar,,80 ml,Ice,Yes,
CPG-0650,Drumstick Bar (cone),,80 ml,Ice / Cream,Yes,
CPG-0651,Häagen-Dazs Sandwich,,80 ml,,Yes,
CPG-0652,Oreo Sandwich,,125 ml,,Yes,
CPG-0653,Popsicle Sandwich,,100 ml,,Yes,
CPG-0654,Frozen Yogurt,,—,,Yes,
CPG-0655,Polar Popsicle,,65 ml,,Yes,
CPG-0656,Italian Iced (unclear word),,65 ml,,Yes,
CPG-0657,Mr. Freeze,,—,,Yes,
CPG-0658,Polar Stick (unclear),,125 ml,,Yes,
CPG-0659,Big Mix Nuts,,80 g,Nuts,Yes,
CPG-0660,Steam Iron,,—,—,Yes,
CPG-0661,"Headlamp, Striped (unclear)",,2 pcs,—,Yes,
CPG-0662,Storage Mini Plastic (clear),,—,—,Yes,
CPG-0663,(Ditto / same as above – unclear),,—,—,Yes,
CPG-0664,Cutlery Pack,,—,—,Yes,
CPG-0665,Candle Blue White (unclear),,—,—,Yes,
CPG-0666,Snack Food Lighter Packs,,—,—,Yes,
CPG-0667,Aluminum Foil,,—,—,Yes,
CPG-0668,Wax Paper,,—,—,Yes,
CPG-0669,Garbage Bags,,—,—,Yes,
CPG-0670,Permanent Tape,,—,—,Yes,
CPG-0671,Ziploc Bags (Small),,—,—,Yes,
CPG-0672,Laundry Soap,,15 kg,Laundry,Yes,
CPG-0673,Palmolive,,320 ml,—,Yes,
CPG-0674,Palm Shampoo Plus,,470 ml,—,Yes,
CPG-0675,Palm Ultra,,650 ml,—,Yes,
CPG-0676,Palm Soap 2 in 1,,1.3 L,—,Yes,
CPG-0677,Tide Pods,,840 g,—,Yes,
CPG-0678,Palm Dishwashing Liquid,,2.64 L,—,Yes,
CPG-0679,Tide Simply Clean,,1.36 L,—,Yes,
CPG-0680,Tide Liquid Detergent,,650 ml,—,Yes,
CPG-0681,Vevia Maison (unclear brand),,1 L,—,Yes,
CPG-0682,Tide Advanced,,850 ml,—,Yes,
CPG-0683,Tide Advanced (same item),,2.95 L,—,Yes,
CPG-0684,Ivory Hand Conditioner,,740 ml,—,Yes,
CPG-0685,Dawn Ultra Antibacterial,,379 g,—,Yes,
CPG-0686,Downy Scent Booster,,150 g,—,Yes,
CPG-0687,Drano Max Gel,,920 ml,Cleaning Supplies,Yes,
CPG-0688,Liquid Plumr Clog Clean,,502 ml,Cleaning Supplies,Yes,
CPG-0689,Comet Bleach,,400 g,Cleaning Supplies,Yes,
CPG-0690,Comet Bleach,,600 g,Cleaning Supplies,Yes,
CPG-0691,Drano Kitchen,,250 g,Cleaning Supplies,Yes,
CPG-0692,Lysol Advanced Toilet Bowl,,946 ml,Cleaning Supplies,Yes,
CPG-0693,CLR Multi-Use,,828 ml,Cleaning Supplies,Yes,
CPG-0694,No Name Multi Disinfect Spray,,650 ml,Cleaning Supplies,Yes,
CPG-0695,All Purpose Cleaner,,500 ml,Cleaning Supplies,Yes,
CPG-0696,Easy-Off Heavy Duty,,400 ml,Cleaning Supplies,Yes,
CPG-0697,Clorox Mold & Mildew,,709 ml,Cleaning Supplies,Yes,
CPG-0698,Arm & Hammer So Clean,,3 kg,Cleaning Supplies,Yes,
CPG-0699,Double Cleaning Vinegar,,2.5 L,Cleaning Supplies,Yes,
CPG-0700,North Bright Bleach,,2.4 L,Cleaning Supplies,Yes,
CPG-0701,No Name Bleach,,2.4 L,Cleaning Supplies,Yes,
CPG-0702,Windex Original,,630 ml,Cleaning Supplies,Yes,
CPG-0703,Oxi Clean Mini,,7 ml,Cleaning Supplies,Yes,
CPG-0704,The Bath Collection Scrub,,1 pc,Cleaning Supplies,Yes,
CPG-0705,Mr. Clean Magic Eraser,,2 pc,Cleaning Supplies,Yes,
CPG-0706,Mr. Clean Magic Eraser,,3 pc,Cleaning Supplies,Yes,
CPG-0707,Carpet Cleaner,,400 ml,Cleaning Supplies,Yes,
CPG-0708,Cascade Platinum,,126 g,Cleaning Supplies,Yes,
CPG-0709,Tide Blue Bar,,500 g,Cleaning Supplies,No,
CPG-0710,Pine-Sol,,825 ml,Cleaning Supplies,Yes,
CPG-0711,Mr. Clean Magic Eraser,,1 pc,Cleaning Supplies,Yes,
CPG-0712,Bounce Tumble Sheets,,15 ct,Cleaning Supplies,Yes,
CPG-0713,Cesar Wet Dog Food,,100 g,Pet Items,Yes,
CPG-0714,Pedigree Dog Food,,370 g,Pet Items,Yes,
CPG-0715,Verdant Life Smoked Bone,,2 pack,Pet Items,Yes,
CPG-0716,Purina Beneful,,1.6 kg,Pet Items,Yes,
CPG-0717,Milk Bone Dog Biscuits,,900 g,Pet Items,Yes,
CPG-0718,Ol’ Roy Kibble,,2 kg,Pet Items,Yes,
CPG-0719,Dog Poop Bags,,—,Pet Items,Yes,
CPG-0720,Bark & Clean Pet Pads,,5 pads,Pet Items,Yes,
CPG-0721,Paw Wipes,,6 wipes,Pet Items,Yes,
CPG-0722,Purina Frosties,,4 kg,Pet Items,Yes,
CPG-0723,Purina Frosties (Pate),,156 g,Pet Items,Yes,
CPG-0724,Whiskas Perfect Portions,,375 g,Pet Items,Yes,
CPG-0725,Purina Fancy Feast,,85 g,Pet Items,Yes,
CPG-0726,Purina Tidy Cats Litter,,7.0 kg,Pet Items,Yes,
CPG-0727,Special Kitty Litter,,7 kg,Pet Items,Yes,
CPG-0728,Hartz Flea & Tick Spray,,290 ml,Pet Items,Yes,
CPG-0729,Cat Litter Linear Bag,,7 L,Pet Items,Yes,
CPG-0730,Pedigree Breath Buster,,500 g,Pet Items,Yes,
CPG-0731,Pedigree Marrow Bone,,650 g,Pet Items,Yes,
CPG-0732,Paws Nylon Dog Toy,,20 ct,Pet Items,Yes,
CPG-0733,Poop Bag Dispenser,,2 pc,Pet Items,Yes,
CPG-0734,Nescafé Satine,,18 × 19 g,Coffee & Tea,Yes,
CPG-0735,Nescafé Rich,,170 g,Coffee & Tea,Yes,
CPG-0736,Nescafé Intense,,160 g,Coffee & Tea,Yes,
CPG-0737,Nescafé Rich Flavour,,400 g,Coffee & Tea,Yes,
CPG-0738,Nescafé Rich,,95 g,Coffee & Tea,Yes,
CPG-0739,Nescafé Gold Espresso,,270 g,Coffee & Tea,Yes,
CPG-0740,Nescafé Taster’s Choice,,100 g,Coffee & Tea,Yes,
CPG-0741,Nescafé 2 + 1,,10 × 45 g,Coffee & Tea,Yes,
CPG-0742,Senso Turmeric Latte,,220 g,Coffee & Tea,Yes,
CPG-0743,Keurig Our Finest Coffee,,1.1 kg,Coffee & Tea,Yes,
CPG-0744,Starbucks Coffee,,340 g,Coffee & Tea,Yes,
CPG-0745,Starbucks Coffee,,311 g,Coffee & Tea,Yes,
CPG-0746,Starbucks Hot Chocolate,,10 × 28 g,Coffee & Tea,Yes,
CPG-0747,Tetley Tea – Green Tea,,40 g,Coffee & Tea,Yes,
CPG-0748,Tetley Chai,,40 g,Coffee & Tea,Yes,
CPG-0749,Twinings,,40 g,Coffee & Tea,Yes,
CPG-0750,Tea India,,—,Coffee & Tea,Yes,
CPG-0751,Premium Tea – Wahh Barakat,,907 g,Coffee & Tea,Yes,
CPG-0752,Sunrize Coffee Whitener,,260 g,Coffee & Tea,Yes,
CPG-0753,Coffee-Mate,,425 g,Coffee & Tea,Yes,
CPG-0754,Coffee-Mate,,450 g,Coffee & Tea,Yes,
CPG-0755,Coffee Creamer – No Name,,2 L,Coffee & Tea,Yes,
CPG-0756,Coffee Creamer – No Name,,2 L,Coffee & Tea,Yes,
CPG-0757,Coffee Filter – Melitta,,10–12 cups,Coffee & Tea,Yes,
CPG-0758,Great Value Coffee Filters,,8–12 cups,Coffee & Tea,Yes,
CPG-0759,Anchor Powder Milk,,400g,Coffee & Tea,Yes,
CPG-0760,Stevia Tea,,40g,Coffee & Tea,Yes,
CPG-0761,Zabiha Halal Chicken Wieners,,450 g,Frozen Foods,Yes,
CPG-0762,Chicken Bologna,,375 g,Frozen Foods,Yes,
CPG-0763,Sun-Fri Breaded Halal Veg,,300 g,Frozen Foods,Yes,
CPG-0764,Schneider’s Classic Bacon,,375 g,Frozen Foods,Yes,
CPG-0765,Chicken Curry Cut,,550 g,Frozen Foods,Yes,
CPG-0766,Cavendish Classic Fries,,750 g,Frozen Foods,Yes,
CPG-0767,McCain Potato Patties,,400 g,Frozen Foods,Yes,
CPG-0768,McCain Straight Cut Fries,,800 g,Frozen Foods,Yes,
CPG-0769,Ice Cream Cones (Hannah Das),,~450 ml,Ice Cream,Yes,
CPG-0770,Del Monte Bars,,10 × 60 ml,Ice Cream,Yes,
CPG-0771,Häagen-Dazs Bars,,3 × 88 ml,Ice Cream,Yes,
CPG-0772,Magnum Bars (Foils),,3 × 120 ml,Ice Cream,Yes,
CPG-0773,Rolled Cones,,4 × 135 ml,Ice Cream,Yes,
CPG-0774,Outshine Creamy Ice Cream Bars,,1.5 L,Ice Cream,Yes,
CPG-0775,Outshine Bars,,5.8 fl oz,Ice Cream,Yes,
CPG-0776,KitKat Ice Cream Tub,,1.5 L,Ice Cream,Yes,
CPG-0777,KitKat Bars,,4 × 100 ml,Ice Cream,Yes,
CPG-0778,Magnum Double Caramel,,—,Ice Cream,Yes,
CPG-0779,SNO Trip Learning,,3 × 90,,Yes,
CPG-0780,Parlor Minis,,12 × 63,,Yes,
CPG-0781,Parlor Minis ice cream tub,,1.5 L,Ice Cream,Yes,
CPG-0782,Magnum White Choc Bar,,3 × 90,Ice Cream,Yes,
CPG-0783,Yukon Bars,,,Ice Cream,Yes,
CPG-0784,Parking Tape – Brown,,—,Stationery,Yes,
CPG-0785,Parking Tape – Yellow,,—,Stationery,No,
CPG-0786,Foam Remover (Spray Can),,—,Stationery,Yes,
CPG-0787,Durex Brush Tape,,—,Stationery,Yes,
CPG-0788,Sta-Z-Art Markers,,—,Stationery,Yes,
CPG-0789,Antimicrobial Markers,,—,Stationery,Yes,
CPG-0790,Jot Markers,,—,Stationery,Yes,
CPG-0791,12-Pack Graphite Pencils,,—,Stationery,Yes,
CPG-0792,Crayola Super Points,,—,Stationery,Yes,
CPG-0793,Correction Tape,,—,Stationery,Yes,
CPG-0794,Jot 4-Roll Pens,,—,Stationery,Yes,
CPG-0795,Promarx 4-Pack Pens,,—,Stationery,Yes,
CPG-0796,Promarx Ball Pens,,—,Stationery,Yes,
CPG-0797,Permanent Markers,,—,Stationery,Yes,
CPG-0798,Color Factory Brush Markers,,—,Stationery,Yes,
CPG-0799,Lead Pencil – 5 Pack,,—,Stationery,Yes,
CPG-0800,Sabli,,100 g,Stationery,Yes,
CPG-0801,Mounting Tape – Double Sided,,—,Stationery,Yes,
CPG-0802,Sharpener,,—,Stationery,Yes,
CPG-0803,Brand Pen Binder,,—,Stationery,Yes,
CPG-0804,Binder Glue,,—,Stationery,Yes,
CPG-0805,UHU White Glue,,—,Stationery,Yes,
CPG-0806,Crayola Glue,,—,Stationery,Yes,
CPG-0807,Play Skool 36 crayons,,—,Stationery,Yes,
CPG-0808,Neon Marking – 6 Pack,,—,Stationery,Yes,
CPG-0809,Jot 8 Permanent Markers,,—,Stationery,Yes,
CPG-0810,Luminous 6 pc Candles,,—,Stationery,Yes,
CPG-0811,Book to Color,,—,Stationery,Yes,
CPG-0812,Washable Glue Sticks,,—,Stationery,Yes,
CPG-0813,Crafting Glue Sticks,,—,Stationery,Yes,
CPG-0814,Modelling Dough,,—,Stationery,Yes,
CPG-0815,Foam Boards,,—,Stationery,No,
CPG-0816,Redman Sketch Book,,—,Stationery,Yes,
CPG-0817,Paints Plastic,,—,Stationery,Yes,
CPG-0818,Bubble Envelopes – 2 pc,,—,Stationery,Yes,
CPG-0819,Bubble Envelopes – 1 pc,,—,Stationery,Yes,
CPG-0820,Umbrella,,—,Stationery,Yes,
CPG-0821,Paint Roller,,—,Stationery,Yes,
CPG-0822,8 Foam Paint Brushes,,—,Stationery,Yes,
CPG-0823,Product Brushers,,—,Stationery,Yes,
CPG-0824,4 Paint Roller Small,,—,Stationery,Yes,
CPG-0825,Rack Extension,,—,Stationery,Yes,
CPG-0826,Foam Roller with Tray,,—,Stationery,Yes,
CPG-0827,Paint Roller Frame,,—,Stationery,Yes,
CPG-0828,Rain Poncho,,—,Stationery,Yes,
CPG-0829,Booster Cable,,—,Hardware,Yes,
CPG-0830,Plunger,,—,Hardware,Yes,
CPG-0831,Multimark Heavy Marker,,—,Hardware,Yes,
CPG-0832,Light Reflex Lens,,—,Hardware,Yes,
CPG-0833,Armor All Tire Foam,,—,Hardware,Yes,
CPG-0834,Kleen-Flo Gas Line Antifreeze,,150 ml,Hardware,Yes,
CPG-0835,Instant Wax Polish,,—,Hardware,Yes,
CPG-0836,STP Engine Treatment,,—,Hardware,Yes,
CPG-0837,Kleen-Flo Power Steering,,—,Hardware,Yes,
CPG-0838,No Name Charcoal Starter,,—,Hardware,Yes,
CPG-0839,Lighter and Stove Cleaner,,—,Hardware,Yes,
CPG-0840,STP Brake Fluid,,—,Hardware,Yes,
CPG-0841,The Original Fix-A-Flat,,—,Hardware,Yes,
CPG-0842,Easy-Off Heavy Duty Cleaner,,—,Hardware,Yes,
CPG-0843,Penetrating Oil Lubricant,,—,Hardware,Yes,
CPG-0844,Easy-Off Grill Cleaner,,—,Hardware,Yes,
CPG-0845,Car Funnel,,—,Hardware,Yes,
CPG-0846,Rain-X Glass Cleaner,,—,Hardware,Yes,
CPG-0847,NS Ceiling Hooks,,—,Hardware,Yes,
CPG-0848,CM Drill & Wall Plug,,—,Hardware,Yes,
CPG-0849,Safety Gloves,,—,Hardware,Yes,
CPG-0850,Foam Plug,,—,Hardware,Yes,
CPG-0851,CM Plastic Anchors,,—,Hardware,Yes,
CPG-0852,6 Pc Masonry Drill Bits,,—,Hardware,Yes,
CPG-0853,Putty Knife,,—,Hardware,Yes,
CPG-0854,Big Putty Knife,,—,Hardware,Yes,
CPG-0855,10 Pc Paper Plates,,—,Hardware,Yes,
CPG-0856,25 Pc Paper Plates,,—,Hardware,Yes,
CPG-0857,6 Round Aluminium Bowls,,—,Hardware,Yes,
CPG-0858,LED Bulbs (100) – 2 Pc,,—,Hardware,Yes,
CPG-0859,LED Bulbs (75) – 2 Pc,,—,Hardware,Yes,
CPG-0860,LED Bulb,,—,Hardware,Yes,
CPG-0861,Wall Mount,,—,Hardware,Yes,
CPG-0862,Philips 4 Pack,,—,Hardware,Yes,
CPG-0863,Potato Scrubber,,—,Hardware,Yes,
CPG-0864,zilla multi tool,,—,Hardware,Yes,
CPG-0865,spring nails - 5 set,,—,Hardware,Yes,
CPG-0866,Hex starter nails,,—,Hardware,Yes,
CPG-0867,3-pc teret set,,—,Hardware,Yes,
CPG-0868,Metric hex key set,,—,Hardware,Yes,
CPG-0869,Scratch awl,,—,Hardware,Yes,
CPG-0870,NS 7-step pliers,,—,Hardware,Yes,
CPG-0871,chateau felt pratechams,,—,Hardware,No,
CPG-0872,Tire gauge round,,—,Hardware,Yes,
CPG-0873,95-pc Felt protection,,—,Hardware,Yes,
CPG-0874,Parko Joint pliers,,—,Hardware,Yes,
CPG-0875,Finder hole puncher,,—,Hardware,Yes,
CPG-0876,Ultra steel wrench set,,—,Hardware,Yes,
CPG-0877,Duramax utility scissors,,—,Hardware,Yes,
CPG-0878,Utility knife,,—,Hardware,Yes,
CPG-0879,Flat head screwdriver,,—,Hardware,Yes,
CPG-0880,Windshield washer,,—,Hardware,Yes,
CPG-0881,Wall mount night light,,—,Hardware,Yes,
CPG-0882,Night light,,—,Hardware,Yes,
CPG-0883,Engine flush oil,,—,Hardware,Yes,
CPG-0884,Tool roll towel,,—,Hardware,Yes,
CPG-0885,Lemon lubricant,,—,Hardware,Yes,
CPG-0886,Egress maintenance,,—,Hardware,No,
CPG-0887,NW-6 Bathroom Tissues,,242 sheets / roll,Grocery,Yes,
CPG-0888,Bounty Plus – Single Roll,,"91, 2-ply",Grocery,No,
CPG-0889,Kirkland Paper Towel – Single Roll,,"160, 2-ply",Grocery,No,
CPG-0890,Vicks Puffs Facial Tissue,,"48, 2-ply",Grocery,Yes,
CPG-0891,NE – Washing Bag (Large),,30 × 40 cm,Grocery,Yes,
CPG-0892,Airwick Essential Oil Diffuser Refill,,15 days,Grocery,Yes,
CPG-0893,Franko Blue Toilet Bowl Cleaner,,—,Grocery,Yes,
CPG-0894,Terry 4-in-1 Toilet Bowl Cleaner,,4-in-1 stick,Grocery,Yes,
CPG-0895,Airwick 360 Fragrance,,aerosol / canister,Grocery,Yes,
CPG-0896,Tesa Fly Magnet,,4 pack,Grocery,Yes,
CPG-0897,Rapid Fly Ribbon,,4 pack,Grocery,Yes,
CPG-0898,Green Killer Fly Catch Trap,,4 pack,Grocery,Yes,
CPG-0899,Face Mask,,1 piece,Grocery,Yes,
CPG-0900,Scrubber (Single),,1 piece,Grocery,Yes,
CPG-0901,8-Pc Kitchen Scourers,,8 piece,Grocery,Yes,
CPG-0902,Scotties Premium,,2-ply,Grocery,No,
CPG-0903,White Swan Toilet Paper,,Single roll,Grocery,Yes,
CPG-0904,Royal 3-Ply Toilet Paper,,12 pack,Grocery,No,
CPG-0905,Royal 2-Ply Toilet Paper,,12 pack,Grocery,Yes,
CPG-0906,Oneida Glass Cups,,Single,Grocery,Yes,
CPG-0907,25-Pc Peg Locks,,25 pcs,Grocery,Yes,
CPG-0908,Plastic Anchors,,30 pcs,Grocery,Yes,
CPG-0909,Video Wire Clips,,50 pcs,Grocery,Yes,
CPG-0910,Bamboo Trivet,,17 cm × 17 cm,Grocery,Yes,
CPG-0911,General Purpose Hooks – White,,16 pack,Grocery,Yes,
CPG-0912,Command Hooks – Adhesive Hooks,,4 pc,Grocery,Yes,
CPG-0913,Suction Cup Hooks,,"4 cm, 6 pc",Grocery,Yes,
CPG-0914,Iron-On Patches – Tailor Form,,5″ × 5″,Grocery,Yes,
CPG-0915,Catchmaster – Mouse Trap,,1 box,Grocery,Yes,
CPG-0916,Fix-It Basin Stopper,,1 unit,Grocery,Yes,
CPG-0917,Dead End Glue Traps,,4 traps,Grocery,Yes,
CPG-0918,Shoe Laces,,2 pc,Grocery,Yes,
CPG-0919,Over-the-Door / Screw-On Grommet,,4 pc,Grocery,Yes,
CPG-0920,Elastic,,1½″ × 8¼″,Grocery,Yes,
CPG-0921,Shower Caps,,6 pcs,Grocery,Yes,
CPG-0922,Cable Ties,,75 pcs,Grocery,Yes,
CPG-0923,Hangers,,5 pc,Grocery,Yes,
CPG-0924,Kleen Glo (Multipurpose Wipes),,6 pcs,Grocery,Yes,
CPG-0925,Spring Holder,,9 pcs,Grocery,Yes,
CPG-0926,Kleen Glo Latex Gloves,,Pair,Grocery,Yes,
CPG-0927,St. Nick’s Choice – Tree Mat,,1 pc,Grocery,Yes,
CPG-0928,Great Value Wet & Dry Mop Kit,,1 kit,Grocery,Yes,
CPG-0929,Magic Mop Refill,,1 pc,Grocery,Yes,
CPG-0930,Pre-Med Face Shield,,1 pc,Grocery,Yes,
CPG-0931,Shower Curtain Liner (Clear),,approx. 70″ × 72″,Grocery,Yes,
CPG-0932,Supervalue Hand – Disposable Towels,,—,—,Yes,
CPG-0933,Kirkland Signature Napkins,,260 pc,—,Yes,
CPG-0934,S-Mart Vinyl Shower Curtain Liner,,—,—,Yes,
CPG-0935,Viva Towel – Cleaning Roll,,1 roll,—,Yes,
CPG-0936,Palm Paper – Table Cover,,—,—,Yes,
CPG-0937,Duster Stick,,—,—,Yes,
CPG-0938,Shower Curtain Liner (Soft Touch),,70″ × 70″,—,Yes,
CPG-0939,Purple Bedsheet Set,,140 × 200 cm,—,Yes,
CPG-0940,Plastic Cups (Golden Dot),,1 box,—,Yes,
CPG-0941,Large Glass (Clear),,—,—,Yes,
CPG-0942,Small Glass (Clear),,—,—,Yes,
CPG-0943,Paper Bowl – Purple & White,,—,—,Yes,
CPG-0944,Loo Fresh – Fresh Rose Air,,250 ml,—,Yes,
CPG-0945,Glade Solid Air Freshener – Vent,,2 boxes,—,Yes,
CPG-0946,Lacson’s Essential Oil Reed Diffuser,,1 bottle,—,Yes,
CPG-0947,Trash bags – small,,—,—,Yes,
CPG-0948,Trash bag – 30,,—,—,Yes,
CPG-0949,Metal cloth hanger,,—,—,Yes,
CPG-0950,Ice tray – plastic,,—,—,Yes,
CPG-0951,Sofa cover,,—,—,Yes,
CPG-0952,Mio – Energy,,48 ml,Misc,Yes,
CPG-0953,Shwr – Energy,,57 ml,Misc,Yes,
CPG-0954,Hand Gel,,60 ml,Misc,Yes,
CPG-0955,Pocket Tissue,,Small,Misc,Yes,
CPG-0956,Chupa Chups,,Big,Misc,Yes,
CPG-0957,Chupa Chups,,Small,Misc,Yes,
CPG-0958,Nail Clipper,,—,Misc,Yes,
CPG-0959,Chap-Lip / Lip Balm,,—,Misc,Yes,
CPG-0960,Energy Vitamin-C,,1000 mg,Misc,Yes,
CPG-0961,Sour Candy – Toxic,,48 g,Misc,No,
CPG-0962,Bobos Candy,,37 g,Misc,No,
CPG-0963,Jolly Rancher Lollipop,,17 g,Misc,Yes,
CPG-0964,Kinder Joy Egg,,20 g,Misc,Yes,
CPG-0965,Sunglasses Chain,,Mix,Misc,Yes,
CPG-0966,Scent Bomb,,30 ml,Misc,Yes,
CPG-0967,Fav Key Mini Chain,,30 g,Misc,Yes,
CPG-0968,Chew + V,,38 g,Misc,Yes,
CPG-0969,Royal LED Torch,,—,Misc,Yes,
CPG-0970,Laundry Tie Mounted,,—,Misc,Yes,
CPG-0971,Formulation Lotion,,—,Misc,Yes,
CPG-0972,Royal Honey,,20 g,Misc,Yes,
CPG-0973,Juicy Honey,,20 g,Misc,Yes,
CPG-0974,Rind & Sex Plus,,—,Misc,Yes,
CPG-0975,PC Spring water,,,Drink,Yes,
CPG-0976,water,,,Drink,Yes,
CPG-0977,Mr. freeze,,,Drink,Yes,
CPG-0978,Crush Freeze,,,Drink,Yes,
CPG-0979,Scissors,,—,Misc,Yes,
CPG-0980,Nuts & Bolts,,—,Misc,Yes,
CPG-0981,Lighter Stand,,—,Misc,Yes,
CPG-0982,GFCI Outlet Cover,,—,Misc,Yes,
CPG-0983,Metal Tongs,,—,Misc,Yes,
CPG-0984,25 Paper Straws,,—,Misc,Yes,
CPG-0985,Cooking Tongs,,—,Misc,Yes,
CPG-0986,Spatula Utensil Set,,—,Misc,Yes,
CPG-0987,"20"" Grill Fish",,—,Misc,Yes,
CPG-0988,BBQ Tongs,,—,Misc,Yes,
CPG-0989,Gas Lighter,,—,Misc,Yes,
CPG-0990,Flat Meat Flipper,,—,Misc,Yes,
CPG-0991,Strainer,,—,Misc,Yes,
CPG-0992,Wire Skimmer,,—,Misc,Yes,
CPG-0993,Table Napkin Holder,,—,Misc,Yes,
CPG-0994,Butter Knives,,—,Misc,Yes,
CPG-0995,Slotted Skimmer,,—,Misc,Yes,
CPG-0996,Splatter Screen,,—,Misc,Yes,
CPG-0997,Turkey Baster,,—,Misc,Yes,
CPG-0998,Bamboo Skewers,,—,Misc,Yes,
CPG-0999,Chopping Board,,—,Misc,Yes,
CPG-1000,Vacuum Flask Set,,—,Misc,Yes,
CPG-1001,Wood Kindling,,—,Misc,Yes,
CPG-1002,Bottle & Mug,,—,,Yes,
CPG-1003,Reusable Napkins,,—,,Yes,
CPG-1004,Mini Towel,,—,,Yes,
CPG-1005,Sippy Cups,,—,,Yes,
CPG-1006,Party Kit Cups,,473 ml,,Yes,
CPG-1007,Green Red Cups,,145 ml,,Yes,
CPG-1008,Glow Stick Party Kit,,—,,Yes,
CPG-1009,Sip Cup Bottle,,—,,Yes,
CPG-1010,Milk Frother,,—,,Yes,
CPG-1011,Lemon Squeezer,,—,,Yes,
CPG-1012,Casserole,,—,,Yes,
CPG-1013,Sauté Pan,,—,,Yes,
CPG-1014,Pancake Pan,,—,,Yes,
CPG-1015,Silver Measuring Bowl,,—,,Yes,
CPG-1016,Measuring Cup,,—,,Yes,
CPG-1017,Measuring Cup (Small),,—,,Yes,
CPG-1018,Ceramic Bowl & Dish,,—,,Yes,
CPG-1019,Ceramic Dish,,—,,Yes,
CPG-1020,Twist Wine Glass,,—,,Yes,
CPG-1021,Lunch Box,,—,,Yes,
CPG-1022,Toaster,,—,,Yes,
CPG-1023,Capri Wine Glass,,—,,Yes,
CPG-1024,Liboy Craft brew set,,—,,Yes,
CPG-1025,Big Bracelets,,—,Display,Yes,
CPG-1026,Necklaces,,—,Display,Yes,
CPG-1027,Watch Belt Set,,—,Display,Yes,
CPG-1028,Belts,,—,Display,Yes,
CPG-1029,Stacking Set – Small,,—,Display,Yes,
CPG-1030,Manicure Set,,—,Display,Yes,
CPG-1031,Stacking Set – Black/Gold,,—,Display,Yes,
CPG-1032,Perfumes,,—,Display,Yes,
CPG-1033,Hair Bands,,—,Display,Yes,
CPG-1034,Battery Operated Powder Box,,—,Display,Yes,
CPG-1035,Small Powder Box,,—,Display,Yes,
CPG-1036,Bed Set,,—,Display,Yes,
CPG-1037,Tray Big,,—,Display,Yes,
CPG-1038,Tray Small noted,,—,Display,Yes,
CPG-1039,Brown Purse,,—,Display,Yes,
CPG-1040,Small Wallet,,—,Display,Yes,
CPG-1041,Jewellery Lunch Bag,,—,Display,Yes,
CPG-1042,Emergency Blanket,,—,Display,Yes,
CPG-1043,UNO Cards Case,,—,Display,Yes,
CPG-1044,Wine Rack,,,,Yes,
CPG-1045,Citrus Squeezer,,,,Yes,
CPG-1046,Lemon Bowl / Squeezer,,,,Yes,
CPG-1047,Skewers (Metal/Bamboo),,,,Yes,
CPG-1048,Backyard Grill (Small),,,,Yes,
CPG-1049,Portable Gas Handle,,,,Yes,
CPG-1050,BBQ Spatula,,,,Yes,
CPG-1051,Tongs,,,,Yes,
CPG-1052,Grilling Skewers (Set),,,,Yes,
CPG-1053,“For Sale” Board (Sign),,,,Yes,
CPG-1054,“We Are Open” Board,,,,Yes,
CPG-1055,Nag Pancha,,,Incense,Yes,
CPG-1056,Glasses Premium,,,,Yes,
CPG-1057,Nubel Glasses,,,,Yes,
